Model,Val_RMSE,Val_MAE,Val_R2,Is_Best
random_forest,1.3090780891588112,1.137108812274648,-0.12485205860343074,False
gradient_boosting,1.3382149952401499,1.143510639363239,-0.17548227212547962,False
linear_regression,1.267935934315418,1.0901970621173118,-0.055258648761649765,True
