Model,Val_RMSE,Val_MAE,Val_R2,Is_Best
random_forest,0.523374956156051,0.36528587231626863,0.773760206658497,False
gradient_boosting,0.5205354392976087,0.3649639836893614,0.7762084286472234,True
linear_regression,0.6603083197863457,0.48927381811433457,0.6398887748847415,False
